{
  "version": 1,
  "author": "Anonymous maker",
  "editor": "wokwi",
  "parts": [
    { "type": "wokwi-breadboard", "id": "bb1", "top": 25.8, "left": -6.8, "attrs": {} },
    {
      "type": "board-esp32-devkit-c-v4",
      "id": "esp",
      "top": 190.34,
      "left": 253.3,
      "rotate": 90,
      "attrs": { "env": "micropython-20231227-v1.22.0" }
    },
    {
      "type": "wokwi-led",
      "id": "led1",
      "top": 255.6,
      "left": -5.4,
      "attrs": { "color": "purple", "flip": "1" }
    },
    {
      "type": "wokwi-resistor",
      "id": "r1",
      "top": 176.75,
      "left": 201.6,
      "attrs": { "value": "1000" }
    }
  ],
  "connections": [
    [ "esp:TX", "$serialMonitor:RX", "", [] ],
    [ "esp:RX", "$serialMonitor:TX", "", [] ],
    [ "bb1:19b.j", "r1:1", "green", [ "v0" ] ],
    [ "r1:1", "bb1:20b.j", "", [ "$bb" ] ],
    [ "r1:2", "bb1:26b.j", "", [ "$bb" ] ],
    [ "led1:C", "r1:1", "red", [ "v0" ] ],
    [ "led1:A", "esp:15", "black", [ "v0" ] ],
    [ "r1:2", "esp:GND.1", "green", [ "v0" ] ]
  ],
  "dependencies": {}
}